{"time": [{"Average time of inference": 0.4206367015838623, "The time of train": 701, "Average time per epoch": 350.5, "Average time per image": 1.5931818181818183}]}