{"loss": [0.2760101854801178, 0.2687869071960449], "accuracy": [0.5792439579963684, 0.5807133316993713], "val_loss": [0.2829645574092865, 0.2755826711654663], "val_accuracy": [0.5536984205245972, 0.5511587262153625]}