{"loss": [0.2758534550666809, 0.26900243759155273], "accuracy": [0.5788732171058655, 0.5813565254211426], "val_loss": [0.2853837013244629, 0.2774434983730316], "val_accuracy": [0.5510185360908508, 0.5486342310905457]}