{"time": [{"Average time of inference": 0.3988388776779175, "The time of train": 746, "Average time per epoch": 373.0, "Average time per image": 1.6954545454545455}]}